step,output
init,Initialized empty Git repository in /home/you/sales-report/.git/
status_untracked,"On branch main

No commits yet

Untracked files:
  (use ""git add <file>..."" to include in what will be committed)
	analysis.py

nothing added to commit but untracked files present (use ""git add"" to track)"
status_staged,"On branch main

No commits yet

Changes to be committed:
  (use ""git rm --cached <file>..."" to unstage)
	new file:   analysis.py"
commit,"[main (root-commit) 35ea03b] Add the data loader
 1 file changed, 1 insertion(+)
 create mode 100644 analysis.py"
log_one,"commit 35ea03b15d00beffef02e4d97afb1dc784ee419d
Author: alice <alice@example.com>
Date:   Thu Jan 1 12:00:00 2026 -0500

    Add the data loader"
status_modified,"On branch main
Changes not staged for commit:
  (use ""git add <file>..."" to update what will be committed)
  (use ""git restore <file>..."" to discard changes in working directory)
	modified:   analysis.py

no changes added to commit (use ""git add"" and/or ""git commit -a"")"
log_two,"f9723e4 Load the sales data
35ea03b Add the data loader"
status_clean,"On branch main
nothing to commit, working tree clean"
